Type,Adjective,Noun,ERP_Code,Note,HEX
"DB","tafisa","L492 Black","https://tafisa.ca/en/our-colours/white-chocolate","https://tafisa.ca/sites/default/files/styles/medium/public/2020-04/tafisa_L492%28R%29_24X24_72dpi.jpg?itok=OQw0fMzV","#1e1e1e"
"DB","tafisa","L493 White","","","#f5f5f5"
"DB","tafisa","L733 Winter Cherry","","","#8B5A43"
"DB","tafisa","L530 Monaco","https://tafisa.ca/en/our-colours/latitude-north","https://tafisa.ca/sites/default/files/styles/medium/public/2020-04/tafisa_L530%28A%29_24X24_72dpi.jpg?itok=ODLHhFik","#D2B48C"
"DB","tafisa","M2061 Muse","https://tafisa.ca/en/our-colours/muse","https://tafisa.ca/sites/default/files/styles/medium/public/2026-02/iconiq_24x24_m2061q_muse_muse_med_res.png?itok=maiVnZC8","#C6B190"
"DB","tafisa","M2062 Masterpiece","https://tafisa.ca/en/our-colours/masterpiece","https://tafisa.ca/sites/default/files/styles/medium/public/2026-02/iconiq_24x24_m2062q_mast_chef-doeuvre_med_res.png?itok=9Em7RWzf","#BEA480"
"DB","tafisa","M2063 Emblem","https://tafisa.ca/en/our-colours/emblem","https://tafisa.ca/sites/default/files/styles/medium/public/2026-02/iconiq_24x24_m2063q_emblem_embleme_med_res.png?itok=Ebf05zu1","#A28254"
"DB","tafisa","M2064 Prodigy","https://tafisa.ca/en/our-colours/prodigy","https://tafisa.ca/sites/default/files/styles/medium/public/2026-02/iconiq_24x24_m2064q_prodigy_virtuose_med_res.png?itok=_wNHgKej","#8D775C"
"DB","tafisa","M2065 Maestro","https://tafisa.ca/en/our-colours/maestro","https://tafisa.ca/sites/default/files/styles/medium/public/2026-02/iconiq_24x24_m2065q_maestro_maestro_med_res.png?itok=8pUBsL-y","#755E46"
"DB","tafisa","M2066 Pioneer","https://tafisa.ca/en/our-colours/pioneer","https://tafisa.ca/sites/default/files/styles/medium/public/2026-02/iconiq_24x24_m2066q_pioneer_pionnier_med_res.png?itok=T8lVuy1N","#3F3126"
"DB","tafisa","M203 Black","https://tafisa.ca/en/our-colours/black-7","https://tafisa.ca/sites/default/files/styles/medium/public/2026-03/texture_iconiq_retouche_low-res.png?itok=FaSTpnXk","#1A1B1A"
"DB","tafisa","M763 Morning Dew","https://tafisa.ca/en/our-colours/morning-dew-5","https://tafisa.ca/sites/default/files/styles/medium/public/2026-02/iconiq_24x24_m763q_morning_dew_rosee_du_matin_med_res.png?itok=ticTVbaF","#D4CCC0"
"DB","tafisa","HG2004 Winter Fun!","https://tafisa.ca/en/our-colours/winter-fun-0","https://tafisa.ca/sites/default/files/styles/medium/public/2024-02/M2004%28Y%29-LessGreen.jpg?itok=-EUyJwpY","#E0E1E3"
"DB","tafisa","M2004 Winter Fun!","https://tafisa.ca/en/our-colours/winter-fun","https://tafisa.ca/sites/default/files/styles/medium/public/2020-03/Tafisa_M2004%28Y%29_24X24_72dpi.jpg?itok=EktHgO1F","#F2F2EA"
"DB","tafisa","L565 Fogo Harbour","https://tafisa.ca/en/our-colours/fogo-harbour","https://tafisa.ca/sites/default/files/styles/medium/public/2020-04/tafisa_L565%28R%29_24X24_72dpi.jpg?itok=H0NywpLy","#F5EDDC"
"DB","tafisa","M2003 Weekend Getaway","https://tafisa.ca/en/our-colours/weekend-getaway","https://tafisa.ca/sites/default/files/styles/medium/public/2020-03/tafisa_M2003%28Y%29_24X24_72dpi_1.jpg?itok=WQ08AxFY","#D0C8B7"
"DB","tafisa","M2031 Crème de la Crème","https://tafisa.ca/en/our-colours/creme-de-la-creme","https://tafisa.ca/sites/default/files/styles/medium/public/2018-08/M2031%28B%29-Creme-de-la-Creme_Creme-de-la-Creme-_24x24.jpg?itok=ogGoS9jo","#C7BFAC"
"DB","tafisa","L586 Natural Affinity","https://tafisa.ca/en/our-colours/natural-affinity","https://tafisa.ca/sites/default/files/styles/medium/public/2023-05/L586K%20NaturalAffinity_12x12.jpg?itok=NCER0Jpf","#D2C7B5"
"DB","tafisa","L580 Free Spirit","https://tafisa.ca/en/our-colours/free-spirit","https://tafisa.ca/sites/default/files/styles/medium/public/2020-10/L580%28K%29%20Free%20Spirit_Esprit%20Libre_24X24%20%28Medium%29_0.jpg?itok=ugT5b-H5","#D3C6B4"
"DB","tafisa","L544 Niagara","https://tafisa.ca/en/our-colours/niagara","https://tafisa.ca/sites/default/files/styles/medium/public/2020-03/Tafisa_L544%28A%29_24X24_72dpi.jpg?itok=eXPbRawB","#D0C8B8"
"DB","tafisa","L590 Love at First Sight","https://tafisa.ca/en/our-colours/love-at-first-sight","https://tafisa.ca/sites/default/files/styles/medium/public/2023-05/L590-12x12_Compress%C3%A9.jpg?itok=-nVrGffC","#D7C9AF"
"DB","tafisa","L540 Summer Breeze","https://tafisa.ca/en/our-colours/summer-breeze","https://tafisa.ca/sites/default/files/styles/medium/public/2020-04/tafisa_L540%28A%29_24X24_72dpi.jpg?itok=rlu35QMj","#DDCDAB"
"DB","tafisa","L546 Mojave","https://tafisa.ca/en/our-colours/mojave","https://tafisa.ca/sites/default/files/styles/medium/public/2020-03/Tafisa_L546%28A%29_24X24_72dpi.jpg?itok=OZNcpEZW","#CAB897"
"DB","tafisa","L555 Maritime Dune","https://tafisa.ca/en/our-colours/maritime-dune","https://tafisa.ca/sites/default/files/styles/medium/public/2020-04/tafisa_L555%28R%29_24X24_72dpi.jpg?itok=BBXyJZll","#D4C5A1"
"DB","tafisa","L581 Sheer Beauty","https://tafisa.ca/en/our-colours/sheer-beauty","https://tafisa.ca/sites/default/files/styles/medium/public/2020-10/L581%28K%29%20Sheer%20Beauty_Beaut%C3%A9%20Naturelle_24X24%20%28Medium%29.jpg?itok=rvPYs8c-","#CCAF83"
"DB","tafisa","L591 Acacia Honey","https://tafisa.ca/en/our-colours/acacia-honey","https://tafisa.ca/sites/default/files/styles/medium/public/2023-05/L591-12x12_Compress%C3%A9.jpg?itok=faBNbFVW","#D6BC95"
"DB","tafisa","M2007 Casting at First Light","https://tafisa.ca/en/our-colours/casting-at-first-light","https://tafisa.ca/sites/default/files/styles/medium/public/2020-03/Tafisa_M2007%28Y%29_24X24_72dpi.jpg?itok=ei2tIB_C","#D2B991"
"DB","tafisa","L303 Hardrock Maple","https://tafisa.ca/en/our-colours/hardrock-maple","https://tafisa.ca/sites/default/files/styles/medium/public/1000x1000_L303%28C%29_hires.jpg?itok=1fgU_ffc","#C6A578"
"DB","tafisa","L585 Rhapsody","https://tafisa.ca/en/our-colours/rhapsody","https://tafisa.ca/sites/default/files/styles/medium/public/2020-10/L585%28K%29%20Rhapsody_Rhapsodie_24X24%20%28Medium%29.jpg?itok=zXeDsV5H","#BFA475"
"DB","tafisa","T443 Secret","https://tafisa.ca/en/our-colours/secret","https://tafisa.ca/sites/default/files/styles/medium/public/960x960_L443%28C%29_hires.jpg?itok=NUXZhLAl","#BA9369"
"DB","tafisa","PM581 Sheer Beauty","https://tafisa.ca/en/our-colours/sheer-beauty-0","https://tafisa.ca/sites/default/files/styles/medium/public/2024-02/L581%28K%29%20Sheer%20Beauty_Beaut%C3%A9%20Naturelle_24X24%20%28Medium%29.jpg?itok=jCDIRTFP","#CDAF84"
"DB","tafisa","L562 Sable Island","https://tafisa.ca/en/our-colours/sable-island","https://tafisa.ca/sites/default/files/styles/medium/public/2020-03/Tafisa_L562%28R%29_24X24_72dpi.jpg?itok=fnELUq4m","#B8A68D"
"DB","tafisa","L476 Prestige Maple","https://tafisa.ca/en/our-colours/prestige-maple","https://tafisa.ca/sites/default/files/styles/medium/public/1000x1000_L476%28C%29_hires.jpg?itok=moj1fzCy","#BF966B"
"DB","tafisa","L564 Tofino","https://tafisa.ca/en/our-colours/tofino","https://tafisa.ca/sites/default/files/styles/medium/public/2020-03/Tafisa_L564%28R%29_24X24_72dpi.jpg?itok=_XGjL31w","#BC976E"
"DB","tafisa","L491 Beach Memories","https://tafisa.ca/en/our-colours/beach-memories","https://tafisa.ca/sites/default/files/styles/medium/public/960x960_L491%28S%29_hires.jpg?itok=W9gyZjCM","#97734F"
"DB","tafisa","L488 Dolce Vita","https://tafisa.ca/en/our-colours/dolce-vita","https://tafisa.ca/sites/default/files/styles/medium/public/2020-04/tafisa_L488%28S%29_24X24_72dpi.jpg?itok=XICB6KI5","#A97E5C"
"DB","tafisa","L587 Sugar Rush","https://tafisa.ca/en/our-colours/sugar-rush","https://tafisa.ca/sites/default/files/styles/medium/public/2023-05/L587K%20SugarRush_12x12.jpg?itok=zihJkNGr","#967E57"
"DB","tafisa","HG582 Fashionista","https://tafisa.ca/en/our-colours/fashionista-0","https://tafisa.ca/sites/default/files/styles/medium/public/2024-02/L582%28K%29%20Fashionista_24X24%20%28Medium%29.jpg?itok=KQG2ZNyW","#947757"
"DB","tafisa","PM592 Kiss Curl","https://tafisa.ca/en/our-colours/kiss-curl-0","https://tafisa.ca/sites/default/files/styles/medium/public/2024-02/TAFISA_L592K_Karisma_24x24_300dpi%20%28Medium%29.jpg?itok=QUUciIyb","#7A5E41"
"DB","tafisa","M2006 Tea for Two","https://tafisa.ca/en/our-colours/tea-for-two","https://tafisa.ca/sites/default/files/styles/medium/public/2020-03/tafisa_M2006%28Y%29_24X24_72dpi.jpg?itok=dF9WgRrM","#8F663F"
"DB","tafisa","L421 Candlelight","https://tafisa.ca/en/our-colours/candlelight","https://tafisa.ca/sites/default/files/styles/medium/public/960x960_L421%28C%29_hires.jpg?itok=pFT0U4EV","#A26D45"
"DB","tafisa","L481 Nutmeg","https://tafisa.ca/en/our-colours/nutmeg","https://tafisa.ca/sites/default/files/styles/medium/public/2020-04/tafisa_L481%28S%29_24X24_72dpi.jpg?itok=VA9Fqa3O","#A17B58"
"DB","tafisa","M2015 Après-Ski","https://tafisa.ca/en/our-colours/apres-ski","https://tafisa.ca/sites/default/files/styles/medium/public/2020-03/tafisa_M2015%28Y%29_24X24_72dpi.jpg?itok=PO4y4WG4","#A5886B"
"DB","tafisa","L592 Kiss Curl","https://tafisa.ca/en/our-colours/kiss-curl","https://tafisa.ca/sites/default/files/styles/medium/public/2023-05/L592-12x12_Compress%C3%A9.jpg?itok=uLsnnWHW","#906F50"
"DB","tafisa","L588 Sweet & Savory","https://tafisa.ca/en/our-colours/sweet-savory","https://tafisa.ca/sites/default/files/styles/medium/public/2023-05/L588K%20Sweet%26Savory_12x12.jpg?itok=BL-OwFWu","#7F6E51"
"DB","tafisa","L556 Laurentian Path","https://tafisa.ca/en/our-colours/laurentian-path","https://tafisa.ca/sites/default/files/styles/medium/public/2020-04/tafisa_L556%28R%29_24X24_72dpi.jpg?itok=rqq68SGx","#9C8364"
"DB","tafisa","L582 Fashionista","https://tafisa.ca/en/our-colours/fashionista","https://tafisa.ca/sites/default/files/styles/medium/public/2020-10/L582%28K%29%20Fashionista_24X24%20%28Medium%29.jpg?itok=4phFfqUj","#937656"
"DB","tafisa","L589 Salt of the Earth","https://tafisa.ca/en/our-colours/salt-of-the-earth","https://tafisa.ca/sites/default/files/styles/medium/public/2023-05/L589K%20SaltOfTheEarth_12x12.jpg?itok=CI7ZNZAq","#755D43"
"DB","tafisa","L557 Rocky Mountain","https://tafisa.ca/en/our-colours/rocky-mountain","https://tafisa.ca/sites/default/files/styles/medium/public/2020-04/tafisa_L557%28R%29_24X24_72dpi.jpg?itok=u1G_ULf1","#6B4F39"
"DB","tafisa","M2005 Sunday Brunch","https://tafisa.ca/en/our-colours/sunday-brunch","https://tafisa.ca/sites/default/files/styles/medium/public/2020-03/tafisa_M2005%28Y%29_24X24_72dpi.jpg?itok=00Mn6WIy","#62442D"
"DB","tafisa","M2014 Sugar on Ice","https://tafisa.ca/en/our-colours/sugar-on-ice","https://tafisa.ca/sites/default/files/styles/medium/public/2020-03/Tafisa_M2014%28Y%29_24X24_72dpi.jpg?itok=jX3P0v7Z","#674730"
"DB","tafisa","L497 Bora Bora","https://tafisa.ca/en/our-colours/bora-bora","https://tafisa.ca/sites/default/files/styles/medium/public/2020-04/tafisa_L497%28S%29_24X24_72dpi_0.jpg?itok=QKzTZZ4C","#925D30"
"DB","tafisa","L498 Antigua","https://tafisa.ca/en/our-colours/antigua","https://tafisa.ca/sites/default/files/styles/medium/public/2020-04/tafisa_L498%28S%29_24X24_72dpi.jpg?itok=AYEn0Zpn","#674D3F"
"DB","tafisa","L521 Rustik Cherry","https://tafisa.ca/en/our-colours/rustik-cherry","https://tafisa.ca/sites/default/files/styles/medium/public/960x960_L521%28C%29_hires.jpg?itok=8o2lBkN_","#814E2E"
"DB","tafisa","L480 Hot Cinnamon","https://tafisa.ca/en/our-colours/hot-cinnamon","https://tafisa.ca/sites/default/files/styles/medium/public/2020-04/Tafisa_L480%28S%29_24X24_72dpi.jpg?itok=U7ZQzTGa","#7D4E2A"
"DB","tafisa","L489 Copa Cabana","https://tafisa.ca/en/our-colours/copa-cabana","https://tafisa.ca/sites/default/files/styles/medium/public/2020-04/tafisa_L489%28S%29_24X24_72dpi.jpg?itok=xs_W98KU","#78533A"
"DB","tafisa","L420 Summer Flame","https://tafisa.ca/en/our-colours/summer-flame","https://tafisa.ca/sites/default/files/styles/medium/public/960x960_L420%28C%29_hires.jpg?itok=FZEYTxDy","#6D3A21"
"DB","tafisa","L473 Dark Rum Cherry","https://tafisa.ca/en/our-colours/dark-rum-cherry","https://tafisa.ca/sites/default/files/styles/medium/public/2020-04/tafisa_L473%28C%29_24X24_72dpi.jpg?itok=QkX9G0QW","#6B3824"
"DB","tafisa","L472 Shiraz Cherry","https://tafisa.ca/en/our-colours/shiraz-cherry","https://tafisa.ca/sites/default/files/styles/medium/public/960x960_L472%28C%29_hires.jpg?itok=8sOi3xNF","#42241B"
"DB","tafisa","HG Iron Horse","https://tafisa.ca/en/our-colours/iron-horse","https://tafisa.ca/sites/default/files/styles/medium/public/2020-11/HG834_24X24%20%28Medium%29.jpg?itok=NPJsAoEI","#3A2518"
"DB","tafisa","L830 Force of Nature","https://tafisa.ca/en/our-colours/force-of-nature","https://tafisa.ca/sites/default/files/styles/medium/public/2020-10/L830%28K%29%20Force%20of%20Nature_Force%20de%20la%20Nature_24X24%20%28Medium%29.jpg?itok=RBEUik6c","#CBC4B4"
"DB","tafisa","L538 River Rock","https://tafisa.ca/en/our-colours/river-rock","https://tafisa.ca/sites/default/files/styles/medium/public/2020-04/tafisa_L538%28A%29_24X24_72dpi.jpg?itok=M0DliyAl","#BFB8A6"
"DB","tafisa","L593 Mastermind","https://tafisa.ca/en/our-colours/mastermind","https://tafisa.ca/sites/default/files/styles/medium/public/2023-05/L593-12x12_Compress%C3%A9-moyen.jpg?itok=NSAn7HsM","#BBB3A4"
"DB","tafisa","L474 Brushed Aluminum","https://tafisa.ca/en/our-colours/brushed-aluminum","https://tafisa.ca/sites/default/files/styles/medium/public/2020-04/tafisa_L474%28C%29_24X24_72dpi.jpg?itok=P-QyTHoX","#BDB8B2"
"DB","tafisa","L831 Rock Solid","https://tafisa.ca/en/our-colours/rock-solid","https://tafisa.ca/sites/default/files/styles/medium/public/2020-10/L831%28K%29%20Roc%20Solid_Roc%20Solide_24X24%20%28Medium%29.jpg?itok=uD0BLkvG","#AEA69B"
"DB","tafisa","L533 Latitude East","https://tafisa.ca/en/our-colours/latitude-east","https://tafisa.ca/sites/default/files/styles/medium/public/2020-04/tafisa_L533%28A%29_24x24_72dpi.jpg?itok=FnNGBv3y","#A89D8C"
"DB","tafisa","M2013 Summertime Blues","https://tafisa.ca/en/our-colours/summertime-blues","https://tafisa.ca/sites/default/files/styles/medium/public/2020-03/tafisa_M2013%28Y%29_24X24_72dpi.jpg?itok=wxd_psfT","#A89C8B"
"DB","tafisa","L584 The Chameleon","https://tafisa.ca/en/our-colours/the-chameleon","https://tafisa.ca/sites/default/files/styles/medium/public/2020-10/L584%28K%29%20The%20Chameleon_Le%20Cam%C3%A9l%C3%A9on_24X24%20%28Medium%29.jpg?itok=eNsiRaK5","#A29175"
"DB","tafisa","L563 Mégantic","https://tafisa.ca/en/our-colours/megantic","https://tafisa.ca/sites/default/files/styles/medium/public/2020-03/Tafisa_L563%28R%29_24X24_72dpi.jpg?itok=nF9Z7sMZ","#97826B"
"DB","tafisa","M2041 New Wave","https://tafisa.ca/en/our-colours/new-wave","https://tafisa.ca/sites/default/files/styles/medium/public/2018-08/M2041%28B%29-New-Wave_Nouvelle-Vague_24x24.jpg?itok=Ssr9-3iP","#7D715E"
"DB","tafisa","M2002 Sunset Cruise","https://tafisa.ca/en/our-colours/sunset-cruise","https://tafisa.ca/sites/default/files/styles/medium/public/2020-03/tafisa_M2002%28Y%29_24X24_72dpi.jpg?itok=Tmqk9586","#807364"
"DB","tafisa","M2034 Home Sweet Home","https://tafisa.ca/en/our-colours/home-sweet-home","https://tafisa.ca/sites/default/files/styles/medium/public/2018-08/M2034%28B%29-Home-Sweet-Home_Home-Sweet-Home_24x24.jpg?itok=DZbWbM8f","#635D57"
"DB","tafisa","L832 Urban Vibe","https://tafisa.ca/en/our-colours/urban-vibe","https://tafisa.ca/sites/default/files/styles/medium/public/2020-10/L832%28K%29%20Urban%20Vibe_Amiance%20Urbaine_24X24%20%28Medium%29.jpg?itok=pDlQaAa_","#7B7363"
"DB","tafisa","PM Urban Vibe","https://tafisa.ca/en/our-colours/urban-vibe-0","https://tafisa.ca/sites/default/files/styles/medium/public/2020-10/PM832_24X24%20%28Medium%29.jpg?itok=sU_aDktF","#7B7363"
"DB","tafisa","L535 Southwester","https://tafisa.ca/en/our-colours/southwester","https://tafisa.ca/sites/default/files/styles/medium/public/2020-04/tafisa_L535%28A%29_24X24_72dpi.jpg?itok=5oovb6uK","#6E6454"
"DB","tafisa","L537 Breakwater","https://tafisa.ca/en/our-colours/breakwater","https://tafisa.ca/sites/default/files/styles/medium/public/2020-04/tafisa_L537%28A%29_24X24_72dpi.jpg?itok=qsiq_U36","#6B5A52"
"DB","tafisa","L583 First Class","https://tafisa.ca/en/our-colours/first-class","https://tafisa.ca/sites/default/files/styles/medium/public/2020-10/L583%28K%29%20First%20Class_Premi%C3%A8re%20Classe_24X24%20%28Medium%29.jpg?itok=PDOqnd1C","#554637"
"DB","tafisa","L477 Tuxedo","https://tafisa.ca/en/our-colours/tuxedo","https://tafisa.ca/sites/default/files/styles/medium/public/2020-04/tafisa_L477%28C%29_24X24_72dpi.jpg?itok=UDtYLxm1","#3F332A"
"DB","tafisa","L499 Grenada","https://tafisa.ca/en/our-colours/grenada","https://tafisa.ca/sites/default/files/styles/medium/public/2020-04/tafisa_L499%28S%29_24X24_72dpi.jpg?itok=kvuu6DwO","#493C34"
"DB","tafisa","L479 Truffle","https://tafisa.ca/en/our-colours/truffle","https://tafisa.ca/sites/default/files/styles/medium/public/960x960_L479%28C%29_hires.jpg?itok=90S3qRxe","#433125"
"DB","tafisa","L543 Spring Blossom","https://tafisa.ca/en/our-colours/spring-blossom","https://tafisa.ca/sites/default/files/styles/medium/public/2020-04/tafisa_L543%28A%29_24X24_72dpi_0.jpg?itok=-mWcuSvM","#4E443A"
"DB","tafisa","L444 Chocolate Pear Tree","https://tafisa.ca/en/our-colours/chocolate-pear-tree","https://tafisa.ca/sites/default/files/styles/medium/public/960x960_L444%28C%29_hires.jpg?itok=i0p9t_wk","#39281D"
"DB","tafisa","L494 Dark Chocolate","https://tafisa.ca/en/our-colours/dark-chocolate","https://tafisa.ca/sites/default/files/styles/medium/public/2020-04/tafisa_L494%28R%29_24X24_72dpi.jpg?itok=xKxs-YPr","#42342B"
"DB","tafisa","L532 Latitude West","https://tafisa.ca/en/our-colours/latitude-west","https://tafisa.ca/sites/default/files/styles/medium/public/2020-04/tafisa_L532%28A%29_24X24_72dpi.jpg?itok=Zxi2wmVw","#3C3731"
"DB","tafisa","M2001 Tête-à-Tête","https://tafisa.ca/en/our-colours/tete-a-tete","https://tafisa.ca/sites/default/files/styles/medium/public/2020-03/tafisa_M2001%28Y%29_24X24_72dpi_0.jpg?itok=mMoKXXal","#504030"
"DB","tafisa","M2035 Black Tie","https://tafisa.ca/en/our-colours/black-tie","https://tafisa.ca/sites/default/files/styles/medium/public/2018-08/M2035%28B%29-Black-Tie_Cravate-Noire_24X24.jpg?itok=-vDdUl_4","#37342F"
"DB","tafisa","M2010 After-Hours","https://tafisa.ca/en/our-colours/after-hours","https://tafisa.ca/sites/default/files/styles/medium/public/2020-03/tafisa_M2010%28Y%29_24X24_72dpi.jpg?itok=axayivs1","#453B37"
"DB","tafisa","PM Camera Obscura","https://tafisa.ca/en/our-colours/camera-obscura","https://tafisa.ca/sites/default/files/styles/medium/public/2020-10/PM835_24X24%20%28Medium%29.jpg?itok=agbrNYDQ","#12110D"
"DB","tafisa","L115 Carte Blanche","https://tafisa.ca/en/our-colours/carte-blanche-1","https://tafisa.ca/sites/default/files/styles/medium/public/2021-07/PMHG115_24X24%20%28Medium%29-Frame_0.png?itok=qUyMkU0c","#FEFEFE"
"DB","tafisa","L115 Carte Blanche","https://tafisa.ca/en/our-colours/carte-blanche-2","https://tafisa.ca/sites/default/files/styles/medium/public/2025-11/pmhg115_24x24_medium-frame_0.png?itok=CUIaqurb","#FEFEFE"
"DB","tafisa","PM115 Carte Blanche","https://tafisa.ca/en/our-colours/carte-blanche","https://tafisa.ca/sites/default/files/styles/medium/public/2023-07/PMHG115_24X24%20%28Medium%29-Frame.png?itok=3Q1ancTi","#FEFEFE"
"DB","tafisa","HG115 Carte Blanche","https://tafisa.ca/en/our-colours/carte-blanche-0","https://tafisa.ca/sites/default/files/styles/medium/public/2023-05/PMHG115_24X24%20%28Medium%29-Frame.png?itok=N5t-reuG","#FEFEFE"
"DB","tafisa","M175 White","https://tafisa.ca/en/our-colours/white-1","https://tafisa.ca/sites/default/files/styles/medium/public/2019-11/M175B%20-%2012%27%27x12%27%27.jpg?itok=IR7XO82T","#E7EAE9"
"DB","tafisa","M175 White","https://tafisa.ca/en/our-colours/white-0","https://tafisa.ca/sites/default/files/styles/medium/public/2019-11/M175Y%20-%2012%27%27x12%27%27.jpg?itok=HGC6WPUD","#E9EBEA"
"DB","tafisa","L175 White","https://tafisa.ca/en/our-colours/white-2","https://tafisa.ca/sites/default/files/styles/medium/public/2025-05/materia_24x24_RGB_L175_White_Blanc.jpg?itok=MyoX-jjr","#F2F3EE"
"DB","tafisa","L175 White","https://tafisa.ca/en/our-colours/white","https://tafisa.ca/sites/default/files/styles/medium/public/960x960_L175%28C%29_hires.jpg?itok=iOQ6UDa1","#E4E7E6"
"DB","tafisa","L191 Glacier White","https://tafisa.ca/en/our-colours/glacier-white","https://tafisa.ca/sites/default/files/styles/medium/public/960x960_L191%28C%29_hires.jpg?itok=DiCPmWTo","#E4E7E5"
"DB","tafisa","L178 Classic White","https://tafisa.ca/en/our-colours/classic-white","https://tafisa.ca/sites/default/files/styles/medium/public/960x960_L178%28C%29_hires.jpg?itok=g3EFfBsp","#DCDED8"
"DB","tafisa","L080 Froth of Sea","https://tafisa.ca/en/our-colours/froth-of-sea-0","https://tafisa.ca/sites/default/files/styles/medium/public/2025-05/materia_24x24_RGB__L080_Froth%20of%20Sea_%C3%89cume%20de%20Mer.jpg?itok=dX0nbCE9","#EEEFE9"
"DB","tafisa","L080 Froth of Sea","https://tafisa.ca/en/our-colours/froth-of-sea","https://tafisa.ca/sites/default/files/styles/medium/public/2025-05/L080_forth%20of%20the%20sea_ecume%20de%20mer_materia_24x24_CMYK_.jpg?itok=5o476hoq","#F1F7ED"
"DB","tafisa","PM100 Vanilla Orchid","https://tafisa.ca/en/our-colours/vanilla-orchid-1","https://tafisa.ca/sites/default/files/styles/medium/public/2020-10/PMHG100_24X24%20%28Medium%29.jpg?itok=vXBWz3G_","#FDF9EE"
"DB","tafisa","HG100 Vanilla Orchid","https://tafisa.ca/en/our-colours/vanilla-orchid-0","https://tafisa.ca/sites/default/files/styles/medium/public/2020-11/PMHG100_24X24%20%28Medium%29.jpg?itok=ZCLphfBI","#FDF9EE"
"DB","tafisa","L100 Vanilla Orchid","https://tafisa.ca/en/our-colours/vanilla-orchid","https://tafisa.ca/sites/default/files/styles/medium/public/960x960_L100%28C%29_hires.jpg?itok=LDttNrk_","#E5E8E5"
"DB","tafisa","PM775 Gardenia","https://tafisa.ca/en/our-colours/gardenia","https://tafisa.ca/sites/default/files/styles/medium/public/2024-08/PM775-24x24-RGB.jpg?itok=Lapar2XQ","#F2EADF"
"DB","tafisa","HG775 Gardenia","https://tafisa.ca/en/our-colours/gardenia-0","https://tafisa.ca/sites/default/files/styles/medium/public/2024-09/PM775-24x24-RGB.jpg?itok=PtM_AqqC","#F2EADF"
"DB","tafisa","L775 Gardenia","https://tafisa.ca/en/our-colours/gardenia-1","https://tafisa.ca/sites/default/files/styles/medium/public/2025-05/materia_24x24_RGB_L775_Gardenia_Gard%C3%A9nia.jpg?itok=il4i94Ig","#EFECE5"
"DB","tafisa","PM776 Cashmere","https://tafisa.ca/en/our-colours/cashmere-0","https://tafisa.ca/sites/default/files/styles/medium/public/2024-08/PM776-24x24-RGB.jpg?itok=pJ0fp6Eo","#E3DED8"
"DB","tafisa","HG776 Cashmere","https://tafisa.ca/en/our-colours/cashmere","https://tafisa.ca/sites/default/files/styles/medium/public/2024-09/PM776-24x24-RGB_0.jpg?itok=BGCVdm4L","#E3DED8"
"DB","tafisa","L776 Cashmere","https://tafisa.ca/en/our-colours/cashmere-1","https://tafisa.ca/sites/default/files/styles/medium/public/2025-05/materia_24x24_RGB_L775_Gardenia_Gard%C3%A9nia_0.jpg?itok=zdaZDF36","#EFECE5"
"DB","tafisa","L105 Snowfall","https://tafisa.ca/en/our-colours/snowfall","https://tafisa.ca/sites/default/files/styles/medium/public/2024-01/L105-12x12.png?itok=iDVvFb88","#EEECE0"
"DB","tafisa","L105 Snowfall","https://tafisa.ca/en/our-colours/snowfall-1","https://tafisa.ca/sites/default/files/styles/medium/public/2024-01/L105-12x12_2.png?itok=nVJ5hb8v","#EEECE0"
"DB","tafisa","L204 Ivory","https://tafisa.ca/en/our-colours/ivory","https://tafisa.ca/sites/default/files/styles/medium/public/1000x1000_L204%28C%29_hires.jpg?itok=3tvVF77E","#E4D4B0"
"DB","tafisa","PM763 Morning Dew","https://tafisa.ca/en/our-colours/morning-dew-2","https://tafisa.ca/sites/default/files/styles/medium/public/2020-10/PMHG763_24X24%20%28Medium%29.jpg?itok=i_6xh0jd","#DAD3C0"
"DB","tafisa","HG763 Morning Dew","https://tafisa.ca/en/our-colours/morning-dew-3","https://tafisa.ca/sites/default/files/styles/medium/public/2020-11/PMHG763_24X24%20%28Medium%29.jpg?itok=c-GkO9qC","#DAD3C0"
"DB","tafisa","L763 Morning Dew","https://tafisa.ca/en/our-colours/morning-dew-4","https://tafisa.ca/sites/default/files/styles/medium/public/2025-05/materia_24x24_RGB_L763_Morning%20Dew_Rose%CC%81e%20du%20Matin.jpg?itok=v08AsxmK","#E2D9D4"
"DB","tafisa","L763 Morning Dew","https://tafisa.ca/en/our-colours/morning-dew","https://tafisa.ca/sites/default/files/styles/medium/public/2020-04/tafisa_L763%28C%29_24X24_72dpi_3.jpg?itok=VHogDCSt","#DAD3C1"
"DB","tafisa","L763 Morning Dew","https://tafisa.ca/en/our-colours/morning-dew-1","https://tafisa.ca/sites/default/files/styles/medium/public/2020-04/tafisa_L763%28C%29_24X24_72dpi_1.jpg?itok=Gy2LjTr4","#DAD3C1"
"DB","tafisa","PM781 Cream Puff","https://tafisa.ca/en/our-colours/cream-puff-0","https://tafisa.ca/sites/default/files/styles/medium/public/2025-09/pm781_24x24_72_dpi_rgb.jpg?itok=dpv4gzdl","#C3AA8C"
"DB","tafisa","L781 Cream Puff","https://tafisa.ca/en/our-colours/cream-puff","https://tafisa.ca/sites/default/files/styles/medium/public/2025-05/materia_24x24_RGB_L781_cream%20puff_chou%20a%20la%20creme.jpg?itok=sEL77IPM","#CDBBA3"
"DB","tafisa","L769 Sea Fog","https://tafisa.ca/en/our-colours/sea-fog","https://tafisa.ca/sites/default/files/styles/medium/public/2020-04/tafisa_L769%28I%29_24X24_72dpi.jpg?itok=Uuks6hya","#ABA492"
"DB","tafisa","L769 Sea Fog","https://tafisa.ca/en/our-colours/sea-fog-0","https://tafisa.ca/sites/default/files/styles/medium/public/2025-11/l769i_24x24_72dpi_0.jpg?itok=8y5hdBrN","#ACA593"
"DB","tafisa","L764 Daybreak","https://tafisa.ca/en/our-colours/daybreak-2","https://tafisa.ca/sites/default/files/styles/medium/public/2025-05/materia_24x24_RGB_L764_Daybreak_Au%20Petit%20Matin.jpg?itok=I2_QHvAc","#9E9590"
"DB","tafisa","L764 Daybreak","https://tafisa.ca/en/our-colours/daybreak","https://tafisa.ca/sites/default/files/styles/medium/public/2020-04/tafisa_L764%28C%29_24X24_72dpi_1.jpg?itok=DVSoRZuW","#AC9D8A"
"DB","tafisa","L764 Daybreak","https://tafisa.ca/en/our-colours/daybreak-1","https://tafisa.ca/sites/default/files/styles/medium/public/2020-04/tafisa_L764%28C%29_24X24_72dpi_2.jpg?itok=NtRVr1rv","#AC9D8A"
"DB","tafisa","L767 Milky Way","https://tafisa.ca/en/our-colours/milky-way-0","https://tafisa.ca/sites/default/files/styles/medium/public/2025-05/materia_24x24_RGB_L767_Milky%20Way_Voie%20Lact%C3%A9e.jpg?itok=CbpeeuYz","#8D8578"
"DB","tafisa","L767 Milky Way","https://tafisa.ca/en/our-colours/milky-way","https://tafisa.ca/sites/default/files/styles/medium/public/960x960_L767%28C%29_hires.jpg?itok=FGk0qLPR","#7B6C58"
"DB","tafisa","L228 Slate","https://tafisa.ca/en/our-colours/slate","https://tafisa.ca/sites/default/files/styles/medium/public/2020-04/tafisa_L228%28C%29_24X24_72dpi.jpg?itok=iyLJsBCL","#4E453D"
"DB","tafisa","L228 Slate","https://tafisa.ca/en/our-colours/slate-0","https://tafisa.ca/sites/default/files/styles/medium/public/2020-04/tafisa_L228%28C%29_24X24_72dpi_1.jpg?itok=XioFeOu5","#4E453D"
"DB","tafisa","L768 Sundown","https://tafisa.ca/en/our-colours/sundown","https://tafisa.ca/sites/default/files/styles/medium/public/2018-08/960x960_L768_hires_0.jpg?itok=b1aqqLwG","#524D42"
"DB","tafisa","L768 Sundown","https://tafisa.ca/en/our-colours/sundown-1","https://tafisa.ca/sites/default/files/styles/medium/public/960x960_L768%28I%29_hires.jpg?itok=7HbTdDjH","#524D42"
"DB","tafisa","PM782 Sand Castle","https://tafisa.ca/en/our-colours/sand-castle-0","https://tafisa.ca/sites/default/files/styles/medium/public/2025-09/pm782_24x24_72_dpi_rgb.jpg?itok=b-VixI6n","#886A4E"
"DB","tafisa","L782 Sand Castle","https://tafisa.ca/en/our-colours/sand-castle","https://tafisa.ca/sites/default/files/styles/medium/public/2025-05/materia_24x24_RGB_L782_Sand%20Castle_Ch%C3%A2teau%20de%20Sable.jpg?itok=rEhznlHV","#A08870"
"DB","tafisa","PM783 Tiramisu","https://tafisa.ca/en/our-colours/tiramisu-0","https://tafisa.ca/sites/default/files/styles/medium/public/2025-09/pm783_24x24_72_dpi_rgb.jpg?itok=tZbnr2QG","#5F4534"
"DB","tafisa","L783 Tiramisu","https://tafisa.ca/en/our-colours/tiramisu","https://tafisa.ca/sites/default/files/styles/medium/public/2025-05/materia_24x24_RGB_L783_Tiramisu_Tiramisu.jpg?itok=ElYYIg4y","#594840"
"DB","tafisa","PM774 Sunflower","https://tafisa.ca/en/our-colours/sunflower","https://tafisa.ca/sites/default/files/styles/medium/public/2020-10/PM774_24X24%20%28Medium%29.jpg?itok=z6V9Y61g","#D2A548"
"DB","tafisa","HG833 Steampunk","https://tafisa.ca/en/our-colours/steampunk","https://tafisa.ca/sites/default/files/styles/medium/public/2020-11/HG833_24X24%20%28Medium%29.jpg?itok=sklEjSMU","#AB834D"
"DB","tafisa","PM780 Terrarossa","https://tafisa.ca/en/our-colours/terrarossa","https://tafisa.ca/sites/default/files/styles/medium/public/2024-08/PM780-24x24-RGB.jpg?itok=r9Wf48wk","#A58173"
"DB","tafisa","PM779 Sage Leaf","https://tafisa.ca/en/our-colours/sage-leaf","https://tafisa.ca/sites/default/files/styles/medium/public/2024-08/PM779-24x24-RGB-2.jpg?itok=xQsk6QrS","#9D9D83"
"DB","tafisa","PM784 Secret Garden","https://tafisa.ca/en/our-colours/secret-garden-0","https://tafisa.ca/sites/default/files/styles/medium/public/2025-09/pm784_24x24_72_dpi_rgb.jpg?itok=MPLgOwfi","#5C543D"
"DB","tafisa","L784 Secret Garden","https://tafisa.ca/en/our-colours/secret-garden","https://tafisa.ca/sites/default/files/styles/medium/public/2025-05/materia_24x24_RGB_L784_Secret%20Garden_Jardin%20Secret.jpg?itok=L2AG256e","#5B5346"
"DB","tafisa","PM773 Eucalyptus","https://tafisa.ca/en/our-colours/eucalyptus","https://tafisa.ca/sites/default/files/styles/medium/public/2020-10/PM773_24X24%20%28Medium%29.jpg?itok=alSBJnFT","#2E4B46"
"DB","tafisa","PM202 Summer Drops","https://tafisa.ca/en/our-colours/summer-drops-2","https://tafisa.ca/sites/default/files/styles/medium/public/2023-07/L202_Crystalite_24x24_150dpi.jpg?itok=pYSPVo2r","#BEC1B8"
"DB","tafisa","HG202 Summer Drops","https://tafisa.ca/en/our-colours/summer-drops-3","https://tafisa.ca/sites/default/files/styles/medium/public/2023-07/L202_Crystalite_24x24_150dpi_1.jpg?itok=s_CRwDED","#BEC1B8"
"DB","tafisa","L202 Summer Drops","https://tafisa.ca/en/our-colours/summer-drops-4","https://tafisa.ca/sites/default/files/styles/medium/public/2025-05/materia_24x24_RGB_L202_Summer%20Drops_Grisaille.jpg?itok=x2ScZ9eM","#D8D9DB"
"DB","tafisa","L202 Summer Drops","https://tafisa.ca/en/our-colours/summer-drops","https://tafisa.ca/sites/default/files/styles/medium/public/2023-07/L202_Crystalite_24x24_150dpi_6.jpg?itok=W6xA9l7U","#BEC1B8"
"DB","tafisa","L202 Summer Drops","https://tafisa.ca/en/our-colours/summer-drops-1","https://tafisa.ca/sites/default/files/styles/medium/public/2023-07/L202_Crystalite_24x24_150dpi_5.jpg?itok=rfmFjHpP","#BEC1B8"
"DB","tafisa","PM777 Winter Horizon","https://tafisa.ca/en/our-colours/winter-horizon","https://tafisa.ca/sites/default/files/styles/medium/public/2024-08/PM777-24x24-RGB.jpg?itok=zCT58BsB","#DCDDD8"
"DB","tafisa","L760 Rain Cloud","https://tafisa.ca/en/our-colours/rain-cloud","https://tafisa.ca/sites/default/files/styles/medium/public/960x960_L760%28C%29_hires.jpg?itok=ERmVCBTi","#9A9B8F"
"DB","tafisa","L201 Shadows","https://tafisa.ca/en/our-colours/shadows","https://tafisa.ca/sites/default/files/styles/medium/public/960x960_L201%28C%29_hires.jpg?itok=zL_2vmnK","#96968A"
"DB","tafisa","PM771 North Wind","https://tafisa.ca/en/our-colours/north-wind","https://tafisa.ca/sites/default/files/styles/medium/public/2020-10/PMHG771_24X24%20%28Medium%29.jpg?itok=e0wQ65fm","#888479"
"DB","tafisa","HG771 North Wind","https://tafisa.ca/en/our-colours/north-wind-0","https://tafisa.ca/sites/default/files/styles/medium/public/2020-11/PMHG771_24X24%20%28Medium%29.jpg?itok=VUQCKIcH","#888479"
"DB","tafisa","L770 Evening Star","https://tafisa.ca/en/our-colours/evening-star","https://tafisa.ca/sites/default/files/styles/medium/public/2020-04/tafisa_L770%28I%29_24X24_72dpi.jpg?itok=-1qXY5es","#74716A"
"DB","tafisa","L770 Evening Star","https://tafisa.ca/en/our-colours/evening-star-0","https://tafisa.ca/sites/default/files/styles/medium/public/2025-06/C_24x24_RGB_L770_evening_star.jpg?itok=HjPbNMYd","#69726F"
"DB","tafisa","PM778 Steel Blue","https://tafisa.ca/en/our-colours/steel-blue","https://tafisa.ca/sites/default/files/styles/medium/public/2024-08/PM778-24x24-RGB.jpg?itok=7Y2UuVKf","#909998"
"DB","tafisa","L761 Moonlight","https://tafisa.ca/en/our-colours/moonlight-0","https://tafisa.ca/sites/default/files/styles/medium/public/2025-05/materia_24x24_RGB_L761_Moonlight_Claire%20de%20Lune.jpg?itok=X0WE9iyo","#6D6E70"
"DB","tafisa","L761 Moonlight","https://tafisa.ca/en/our-colours/moonlight","https://tafisa.ca/sites/default/files/styles/medium/public/960x960_L761%28C%29_hires.jpg?itok=sfSABuAt","#54534F"
"DB","tafisa","PM772 Calm Sea","https://tafisa.ca/en/our-colours/calm-sea","https://tafisa.ca/sites/default/files/styles/medium/public/2020-10/PM772_24X24%20%28Medium%29.jpg?itok=scI0Ikqr","#242F41"
"DB","tafisa","PM765 Midnight Sun","https://tafisa.ca/en/our-colours/midnight-sun-0","https://tafisa.ca/sites/default/files/styles/medium/public/2020-10/PMHG765_24X24%20%28Medium%29.jpg?itok=mVuSiu-e","#383735"
"DB","tafisa","HG765 Midnight Sun","https://tafisa.ca/en/our-colours/midnight-sun-1","https://tafisa.ca/sites/default/files/styles/medium/public/2020-11/PMHG765_24X24%20%28Medium%29.jpg?itok=82BH2ZmK","#383735"
"DB","tafisa","L765 Midnight Sun","https://tafisa.ca/en/our-colours/midnight-sun-2","https://tafisa.ca/sites/default/files/styles/medium/public/2025-05/materia_24x24_RGB_L765_Midnight%20Sun_Soleil%20de%20Minuit.jpg?itok=fZHC6-2Z","#555555"
"DB","tafisa","L762 Starry Night","https://tafisa.ca/en/our-colours/starry-night","https://tafisa.ca/sites/default/files/styles/medium/public/2020-04/tafisa_L762%28C%29_24X24_72dpi.jpg?itok=IfbLglsC","#33373A"
"DB","tafisa","L762 Starry Night","https://tafisa.ca/en/our-colours/starry-night-1","https://tafisa.ca/sites/default/files/styles/medium/public/2020-04/tafisa_L762%28C%29_24X24_72dpi_1.jpg?itok=5fX7vvta","#33373A"
"DB","tafisa","L765 Midnight Sun","https://tafisa.ca/en/our-colours/midnight-sun","https://tafisa.ca/sites/default/files/styles/medium/public/2020-04/tafisa_L765%28I%29_24X24_72dpi.jpg?itok=mKy2F2EB","#393836"
"DB","tafisa","PM203 Black","https://tafisa.ca/en/our-colours/black-3","https://tafisa.ca/sites/default/files/styles/medium/public/2020-10/PMHG203_24X24%20%28Medium%29.jpg?itok=d79_BUby","#030303"
"DB","tafisa","HG203 Black","https://tafisa.ca/en/our-colours/black-4","https://tafisa.ca/sites/default/files/styles/medium/public/2020-11/PMHG203_24X24%20%28Medium%29.jpg?itok=dT54eq8Q","#030303"
"DB","tafisa","L203 Black","https://tafisa.ca/en/our-colours/black-6","https://tafisa.ca/sites/default/files/styles/medium/public/2025-05/materia_24x24_RGB_L203_Black_Noir.jpg?itok=6-Iae2cz","#262729"
"DB","tafisa","L203 Black","https://tafisa.ca/en/our-colours/black","https://tafisa.ca/sites/default/files/styles/medium/public/960x960_L203%28C%29_hires.jpg?itok=l57-EUl_","#1D1D1D"
"DB","tafisa","L203 Black","https://tafisa.ca/en/our-colours/black-0","https://tafisa.ca/sites/default/files/styles/medium/public/960x960_L203%28I%29_hires.jpg?itok=9vS-1Cz3","#1D1D1D"
"DB","tafisa","L203 Black","https://tafisa.ca/en/our-colours/black-5","https://tafisa.ca/sites/default/files/styles/medium/public/2023-10/Karisma_03-square%20%28Large%29_0.png?itok=_P0nlhGX","#4C4A49"
"DB","tafisa","M203 Black","https://tafisa.ca/en/our-colours/black-2","https://tafisa.ca/sites/default/files/styles/medium/public/2019-11/M203B%20-%2012%27x12%27.jpg?itok=T51Fo0ab","#1B1B1B"
"DB","tafisa","M203 Black","https://tafisa.ca/en/our-colours/black-1","https://tafisa.ca/sites/default/files/styles/medium/public/2019-11/M203Y%20-%2012%27%27x12%27%27.jpg?itok=2c3iox5j","#171717"
